generator_name,algo,algo_params,n_vars,n_arcs,n_samples,graph_idx,golden_path,learned_path,error_msg,time_s,SHD,SHD_skeleton,F1-Score,F1-Score_skeleton,TPR,TPR_skeleton
cbn_unif_gauss,CPC,"{""alpha"": 0.05, ""max_conditioning_set_size"": 3}",10,15,200,0,/home/mathis/Documents/Travail/cbnsl_benchmark/experiments/scaling/agrum3/../../../experiments/scaling/agrum3/2026-07-21_18h00_cbn_unif_gauss/graphs/golden__v10_a15_g0.json,/home/mathis/Documents/Travail/cbnsl_benchmark/experiments/scaling/agrum3/../../../experiments/scaling/agrum3/2026-07-21_18h00_cbn_unif_gauss/graphs/CPC__v10_a15_g0_s200.json,,0.08288110600187792,15.0,13.0,0.0,0.33333333333333337,0.0,0.2
cbn_unif_gauss,CMIIC,"{""alpha"": 0.05}",10,15,200,0,/home/mathis/Documents/Travail/cbnsl_benchmark/experiments/scaling/agrum3/../../../experiments/scaling/agrum3/2026-07-21_18h00_cbn_unif_gauss/graphs/golden__v10_a15_g0.json,/home/mathis/Documents/Travail/cbnsl_benchmark/experiments/scaling/agrum3/../../../experiments/scaling/agrum3/2026-07-21_18h00_cbn_unif_gauss/graphs/CMIIC__v10_a15_g0_s200.json,,0.25655678900147905,12.0,11.0,0.3157894736842105,0.7200000000000001,0.3333333333333333,0.6
cbn_unif_gauss,CPC,"{""alpha"": 0.05, ""max_conditioning_set_size"": 3}",10,15,500,0,/home/mathis/Documents/Travail/cbnsl_benchmark/experiments/scaling/agrum3/../../../experiments/scaling/agrum3/2026-07-21_18h00_cbn_unif_gauss/graphs/golden__v10_a15_g0.json,/home/mathis/Documents/Travail/cbnsl_benchmark/experiments/scaling/agrum3/../../../experiments/scaling/agrum3/2026-07-21_18h00_cbn_unif_gauss/graphs/CPC__v10_a15_g0_s500.json,,0.3016755099997681,14.0,14.0,0.0,0.33333333333333337,0.0,0.2
cbn_unif_gauss,CMIIC,"{""alpha"": 0.05}",10,15,500,0,/home/mathis/Documents/Travail/cbnsl_benchmark/experiments/scaling/agrum3/../../../experiments/scaling/agrum3/2026-07-21_18h00_cbn_unif_gauss/graphs/golden__v10_a15_g0.json,/home/mathis/Documents/Travail/cbnsl_benchmark/experiments/scaling/agrum3/../../../experiments/scaling/agrum3/2026-07-21_18h00_cbn_unif_gauss/graphs/CMIIC__v10_a15_g0_s500.json,,1.037044987999252,13.0,15.0,0.2222222222222222,0.7692307692307692,0.2857142857142857,0.6666666666666666
cbn_unif_gauss,CPC,"{""alpha"": 0.05, ""max_conditioning_set_size"": 3}",10,15,200,1,/home/mathis/Documents/Travail/cbnsl_benchmark/experiments/scaling/agrum3/../../../experiments/scaling/agrum3/2026-07-21_18h00_cbn_unif_gauss/graphs/golden__v10_a15_g1.json,/home/mathis/Documents/Travail/cbnsl_benchmark/experiments/scaling/agrum3/../../../experiments/scaling/agrum3/2026-07-21_18h00_cbn_unif_gauss/graphs/CPC__v10_a15_g1_s200.json,,0.04569027300021844,14.0,13.0,0.0,0.25,0.0,0.14285714285714285
cbn_unif_gauss,CMIIC,"{""alpha"": 0.05}",10,15,200,1,/home/mathis/Documents/Travail/cbnsl_benchmark/experiments/scaling/agrum3/../../../experiments/scaling/agrum3/2026-07-21_18h00_cbn_unif_gauss/graphs/golden__v10_a15_g1.json,/home/mathis/Documents/Travail/cbnsl_benchmark/experiments/scaling/agrum3/../../../experiments/scaling/agrum3/2026-07-21_18h00_cbn_unif_gauss/graphs/CMIIC__v10_a15_g1_s200.json,,0.2403813529999752,12.0,9.0,0.13333333333333333,0.8333333333333333,0.2,0.7142857142857143
cbn_unif_gauss,CPC,"{""alpha"": 0.05, ""max_conditioning_set_size"": 3}",10,15,500,1,/home/mathis/Documents/Travail/cbnsl_benchmark/experiments/scaling/agrum3/../../../experiments/scaling/agrum3/2026-07-21_18h00_cbn_unif_gauss/graphs/golden__v10_a15_g1.json,/home/mathis/Documents/Travail/cbnsl_benchmark/experiments/scaling/agrum3/../../../experiments/scaling/agrum3/2026-07-21_18h00_cbn_unif_gauss/graphs/CPC__v10_a15_g1_s500.json,,0.31744287900073687,13.0,12.0,0.0,0.35294117647058826,0.0,0.21428571428571427
cbn_unif_gauss,CMIIC,"{""alpha"": 0.05}",10,15,500,1,/home/mathis/Documents/Travail/cbnsl_benchmark/experiments/scaling/agrum3/../../../experiments/scaling/agrum3/2026-07-21_18h00_cbn_unif_gauss/graphs/golden__v10_a15_g1.json,/home/mathis/Documents/Travail/cbnsl_benchmark/experiments/scaling/agrum3/../../../experiments/scaling/agrum3/2026-07-21_18h00_cbn_unif_gauss/graphs/CMIIC__v10_a15_g1_s500.json,,0.8307680300022184,11.0,7.0,0.25000000000000006,0.88,0.4,0.7857142857142857
cbn_unif_gauss,CPC,"{""alpha"": 0.05, ""max_conditioning_set_size"": 3}",10,15,200,2,/home/mathis/Documents/Travail/cbnsl_benchmark/experiments/scaling/agrum3/../../../experiments/scaling/agrum3/2026-07-21_18h00_cbn_unif_gauss/graphs/golden__v10_a15_g2.json,/home/mathis/Documents/Travail/cbnsl_benchmark/experiments/scaling/agrum3/../../../experiments/scaling/agrum3/2026-07-21_18h00_cbn_unif_gauss/graphs/CPC__v10_a15_g2_s200.json,,0.06801389400061453,15.0,15.0,0.0,0.125,0.0,0.06666666666666667
cbn_unif_gauss,CMIIC,"{""alpha"": 0.05}",10,15,200,2,/home/mathis/Documents/Travail/cbnsl_benchmark/experiments/scaling/agrum3/../../../experiments/scaling/agrum3/2026-07-21_18h00_cbn_unif_gauss/graphs/golden__v10_a15_g2.json,/home/mathis/Documents/Travail/cbnsl_benchmark/experiments/scaling/agrum3/../../../experiments/scaling/agrum3/2026-07-21_18h00_cbn_unif_gauss/graphs/CMIIC__v10_a15_g2_s200.json,,0.33020286499959184,10.0,7.0,0.5,0.9285714285714286,0.7142857142857143,0.8666666666666667
cbn_unif_gauss,CPC,"{""alpha"": 0.05, ""max_conditioning_set_size"": 3}",10,15,500,2,/home/mathis/Documents/Travail/cbnsl_benchmark/experiments/scaling/agrum3/../../../experiments/scaling/agrum3/2026-07-21_18h00_cbn_unif_gauss/graphs/golden__v10_a15_g2.json,/home/mathis/Documents/Travail/cbnsl_benchmark/experiments/scaling/agrum3/../../../experiments/scaling/agrum3/2026-07-21_18h00_cbn_unif_gauss/graphs/CPC__v10_a15_g2_s500.json,,0.7551791070000036,15.0,15.0,0.0,0.125,0.0,0.06666666666666667
cbn_unif_gauss,CMIIC,"{""alpha"": 0.05}",10,15,500,2,/home/mathis/Documents/Travail/cbnsl_benchmark/experiments/scaling/agrum3/../../../experiments/scaling/agrum3/2026-07-21_18h00_cbn_unif_gauss/graphs/golden__v10_a15_g2.json,/home/mathis/Documents/Travail/cbnsl_benchmark/experiments/scaling/agrum3/../../../experiments/scaling/agrum3/2026-07-21_18h00_cbn_unif_gauss/graphs/CMIIC__v10_a15_g2_s500.json,,1.4146976070005621,13.0,15.0,0.23529411764705882,0.888888888888889,0.4,0.8
cbn_unif_gauss,CPC,"{""alpha"": 0.05, ""max_conditioning_set_size"": 3}",10,15,200,3,/home/mathis/Documents/Travail/cbnsl_benchmark/experiments/scaling/agrum3/../../../experiments/scaling/agrum3/2026-07-21_18h00_cbn_unif_gauss/graphs/golden__v10_a15_g3.json,/home/mathis/Documents/Travail/cbnsl_benchmark/experiments/scaling/agrum3/../../../experiments/scaling/agrum3/2026-07-21_18h00_cbn_unif_gauss/graphs/CPC__v10_a15_g3_s200.json,,0.07394789699901594,15.0,15.0,0.0,0.0,0.0,0.0
cbn_unif_gauss,CMIIC,"{""alpha"": 0.05}",10,15,200,3,/home/mathis/Documents/Travail/cbnsl_benchmark/experiments/scaling/agrum3/../../../experiments/scaling/agrum3/2026-07-21_18h00_cbn_unif_gauss/graphs/golden__v10_a15_g3.json,/home/mathis/Documents/Travail/cbnsl_benchmark/experiments/scaling/agrum3/../../../experiments/scaling/agrum3/2026-07-21_18h00_cbn_unif_gauss/graphs/CMIIC__v10_a15_g3_s200.json,,0.3517006609981763,14.0,13.0,0.3809523809523809,0.8666666666666667,0.6666666666666666,0.8666666666666667
cbn_unif_gauss,CPC,"{""alpha"": 0.05, ""max_conditioning_set_size"": 3}",10,15,500,3,/home/mathis/Documents/Travail/cbnsl_benchmark/experiments/scaling/agrum3/../../../experiments/scaling/agrum3/2026-07-21_18h00_cbn_unif_gauss/graphs/golden__v10_a15_g3.json,/home/mathis/Documents/Travail/cbnsl_benchmark/experiments/scaling/agrum3/../../../experiments/scaling/agrum3/2026-07-21_18h00_cbn_unif_gauss/graphs/CPC__v10_a15_g3_s500.json,,0.4754527769982815,14.0,14.0,0.0,0.125,0.0,0.06666666666666667
cbn_unif_gauss,CMIIC,"{""alpha"": 0.05}",10,15,500,3,/home/mathis/Documents/Travail/cbnsl_benchmark/experiments/scaling/agrum3/../../../experiments/scaling/agrum3/2026-07-21_18h00_cbn_unif_gauss/graphs/golden__v10_a15_g3.json,/home/mathis/Documents/Travail/cbnsl_benchmark/experiments/scaling/agrum3/../../../experiments/scaling/agrum3/2026-07-21_18h00_cbn_unif_gauss/graphs/CMIIC__v10_a15_g3_s500.json,,1.1932260749999841,10.0,9.0,0.42105263157894735,0.9285714285714286,0.6666666666666666,0.8666666666666667
cbn_unif_gauss,CPC,"{""alpha"": 0.05, ""max_conditioning_set_size"": 3}",10,15,200,4,/home/mathis/Documents/Travail/cbnsl_benchmark/experiments/scaling/agrum3/../../../experiments/scaling/agrum3/2026-07-21_18h00_cbn_unif_gauss/graphs/golden__v10_a15_g4.json,/home/mathis/Documents/Travail/cbnsl_benchmark/experiments/scaling/agrum3/../../../experiments/scaling/agrum3/2026-07-21_18h00_cbn_unif_gauss/graphs/CPC__v10_a15_g4_s200.json,,0.046922581997932866,15.0,15.0,0.0,0.0,0.0,0.0
cbn_unif_gauss,CMIIC,"{""alpha"": 0.05}",10,15,200,4,/home/mathis/Documents/Travail/cbnsl_benchmark/experiments/scaling/agrum3/../../../experiments/scaling/agrum3/2026-07-21_18h00_cbn_unif_gauss/graphs/golden__v10_a15_g4.json,/home/mathis/Documents/Travail/cbnsl_benchmark/experiments/scaling/agrum3/../../../experiments/scaling/agrum3/2026-07-21_18h00_cbn_unif_gauss/graphs/CMIIC__v10_a15_g4_s200.json,,0.26966486200035433,12.0,8.0,0.22222222222222224,0.896551724137931,0.5,0.8666666666666667
cbn_unif_gauss,CPC,"{""alpha"": 0.05, ""max_conditioning_set_size"": 3}",10,15,500,4,/home/mathis/Documents/Travail/cbnsl_benchmark/experiments/scaling/agrum3/../../../experiments/scaling/agrum3/2026-07-21_18h00_cbn_unif_gauss/graphs/golden__v10_a15_g4.json,/home/mathis/Documents/Travail/cbnsl_benchmark/experiments/scaling/agrum3/../../../experiments/scaling/agrum3/2026-07-21_18h00_cbn_unif_gauss/graphs/CPC__v10_a15_g4_s500.json,,0.37159305499881157,14.0,13.0,0.0,0.33333333333333337,0.0,0.2
cbn_unif_gauss,CMIIC,"{""alpha"": 0.05}",10,15,500,4,/home/mathis/Documents/Travail/cbnsl_benchmark/experiments/scaling/agrum3/../../../experiments/scaling/agrum3/2026-07-21_18h00_cbn_unif_gauss/graphs/golden__v10_a15_g4.json,/home/mathis/Documents/Travail/cbnsl_benchmark/experiments/scaling/agrum3/../../../experiments/scaling/agrum3/2026-07-21_18h00_cbn_unif_gauss/graphs/CMIIC__v10_a15_g4_s500.json,,0.9222361639986048,13.0,13.0,0.11764705882352941,0.8571428571428571,0.25,0.8
cbn_unif_gauss,CPC,"{""alpha"": 0.05, ""max_conditioning_set_size"": 3}",10,15,200,5,/home/mathis/Documents/Travail/cbnsl_benchmark/experiments/scaling/agrum3/../../../experiments/scaling/agrum3/2026-07-21_18h00_cbn_unif_gauss/graphs/golden__v10_a15_g5.json,/home/mathis/Documents/Travail/cbnsl_benchmark/experiments/scaling/agrum3/../../../experiments/scaling/agrum3/2026-07-21_18h00_cbn_unif_gauss/graphs/CPC__v10_a15_g5_s200.json,,0.053442871998413466,13.0,13.0,0.0,0.2666666666666667,0.0,0.15384615384615385
cbn_unif_gauss,CMIIC,"{""alpha"": 0.05}",10,15,200,5,/home/mathis/Documents/Travail/cbnsl_benchmark/experiments/scaling/agrum3/../../../experiments/scaling/agrum3/2026-07-21_18h00_cbn_unif_gauss/graphs/golden__v10_a15_g5.json,/home/mathis/Documents/Travail/cbnsl_benchmark/experiments/scaling/agrum3/../../../experiments/scaling/agrum3/2026-07-21_18h00_cbn_unif_gauss/graphs/CMIIC__v10_a15_g5_s200.json,,0.23690395100129535,10.0,10.0,0.5555555555555556,0.9166666666666666,0.7142857142857143,0.8461538461538461
cbn_unif_gauss,CPC,"{""alpha"": 0.05, ""max_conditioning_set_size"": 3}",10,15,500,5,/home/mathis/Documents/Travail/cbnsl_benchmark/experiments/scaling/agrum3/../../../experiments/scaling/agrum3/2026-07-21_18h00_cbn_unif_gauss/graphs/golden__v10_a15_g5.json,/home/mathis/Documents/Travail/cbnsl_benchmark/experiments/scaling/agrum3/../../../experiments/scaling/agrum3/2026-07-21_18h00_cbn_unif_gauss/graphs/CPC__v10_a15_g5_s500.json,,0.6056039059985778,11.0,13.0,0.0,0.375,0.0,0.23076923076923078
cbn_unif_gauss,CMIIC,"{""alpha"": 0.05}",10,15,500,5,/home/mathis/Documents/Travail/cbnsl_benchmark/experiments/scaling/agrum3/../../../experiments/scaling/agrum3/2026-07-21_18h00_cbn_unif_gauss/graphs/golden__v10_a15_g5.json,/home/mathis/Documents/Travail/cbnsl_benchmark/experiments/scaling/agrum3/../../../experiments/scaling/agrum3/2026-07-21_18h00_cbn_unif_gauss/graphs/CMIIC__v10_a15_g5_s500.json,,0.7754454160021851,12.0,11.0,0.37499999999999994,0.8695652173913044,0.5,0.7692307692307693
cbn_unif_gauss,CPC,"{""alpha"": 0.05, ""max_conditioning_set_size"": 3}",10,15,200,6,/home/mathis/Documents/Travail/cbnsl_benchmark/experiments/scaling/agrum3/../../../experiments/scaling/agrum3/2026-07-21_18h00_cbn_unif_gauss/graphs/golden__v10_a15_g6.json,/home/mathis/Documents/Travail/cbnsl_benchmark/experiments/scaling/agrum3/../../../experiments/scaling/agrum3/2026-07-21_18h00_cbn_unif_gauss/graphs/CPC__v10_a15_g6_s200.json,,0.06503152999721351,14.0,15.0,0.0,0.33333333333333337,0.0,0.2
cbn_unif_gauss,CMIIC,"{""alpha"": 0.05}",10,15,200,6,/home/mathis/Documents/Travail/cbnsl_benchmark/experiments/scaling/agrum3/../../../experiments/scaling/agrum3/2026-07-21_18h00_cbn_unif_gauss/graphs/golden__v10_a15_g6.json,/home/mathis/Documents/Travail/cbnsl_benchmark/experiments/scaling/agrum3/../../../experiments/scaling/agrum3/2026-07-21_18h00_cbn_unif_gauss/graphs/CMIIC__v10_a15_g6_s200.json,,0.22565157400094904,11.0,12.0,0.0,0.846153846153846,0.0,0.7333333333333333
cbn_unif_gauss,CPC,"{""alpha"": 0.05, ""max_conditioning_set_size"": 3}",10,15,500,6,/home/mathis/Documents/Travail/cbnsl_benchmark/experiments/scaling/agrum3/../../../experiments/scaling/agrum3/2026-07-21_18h00_cbn_unif_gauss/graphs/golden__v10_a15_g6.json,/home/mathis/Documents/Travail/cbnsl_benchmark/experiments/scaling/agrum3/../../../experiments/scaling/agrum3/2026-07-21_18h00_cbn_unif_gauss/graphs/CPC__v10_a15_g6_s500.json,,0.3246758150016831,13.0,15.0,0.0,0.23529411764705882,0.0,0.13333333333333333
cbn_unif_gauss,CMIIC,"{""alpha"": 0.05}",10,15,500,6,/home/mathis/Documents/Travail/cbnsl_benchmark/experiments/scaling/agrum3/../../../experiments/scaling/agrum3/2026-07-21_18h00_cbn_unif_gauss/graphs/golden__v10_a15_g6.json,/home/mathis/Documents/Travail/cbnsl_benchmark/experiments/scaling/agrum3/../../../experiments/scaling/agrum3/2026-07-21_18h00_cbn_unif_gauss/graphs/CMIIC__v10_a15_g6_s500.json,,0.691925891002029,10.0,13.0,0.0,0.7499999999999999,0.0,0.6
cbn_unif_gauss,CPC,"{""alpha"": 0.05, ""max_conditioning_set_size"": 3}",10,15,200,7,/home/mathis/Documents/Travail/cbnsl_benchmark/experiments/scaling/agrum3/../../../experiments/scaling/agrum3/2026-07-21_18h00_cbn_unif_gauss/graphs/golden__v10_a15_g7.json,/home/mathis/Documents/Travail/cbnsl_benchmark/experiments/scaling/agrum3/../../../experiments/scaling/agrum3/2026-07-21_18h00_cbn_unif_gauss/graphs/CPC__v10_a15_g7_s200.json,,0.032512156998564024,15.0,13.0,0.0,0.23529411764705882,0.0,0.13333333333333333
cbn_unif_gauss,CMIIC,"{""alpha"": 0.05}",10,15,200,7,/home/mathis/Documents/Travail/cbnsl_benchmark/experiments/scaling/agrum3/../../../experiments/scaling/agrum3/2026-07-21_18h00_cbn_unif_gauss/graphs/golden__v10_a15_g7.json,/home/mathis/Documents/Travail/cbnsl_benchmark/experiments/scaling/agrum3/../../../experiments/scaling/agrum3/2026-07-21_18h00_cbn_unif_gauss/graphs/CMIIC__v10_a15_g7_s200.json,,0.14022967599885305,14.0,11.0,0.3157894736842105,0.7692307692307692,0.375,0.6666666666666666
cbn_unif_gauss,CPC,"{""alpha"": 0.05, ""max_conditioning_set_size"": 3}",10,15,500,7,/home/mathis/Documents/Travail/cbnsl_benchmark/experiments/scaling/agrum3/../../../experiments/scaling/agrum3/2026-07-21_18h00_cbn_unif_gauss/graphs/golden__v10_a15_g7.json,/home/mathis/Documents/Travail/cbnsl_benchmark/experiments/scaling/agrum3/../../../experiments/scaling/agrum3/2026-07-21_18h00_cbn_unif_gauss/graphs/CPC__v10_a15_g7_s500.json,,0.3569204790001095,14.0,14.0,0.0,0.33333333333333337,0.0,0.2
cbn_unif_gauss,CMIIC,"{""alpha"": 0.05}",10,15,500,7,/home/mathis/Documents/Travail/cbnsl_benchmark/experiments/scaling/agrum3/../../../experiments/scaling/agrum3/2026-07-21_18h00_cbn_unif_gauss/graphs/golden__v10_a15_g7.json,/home/mathis/Documents/Travail/cbnsl_benchmark/experiments/scaling/agrum3/../../../experiments/scaling/agrum3/2026-07-21_18h00_cbn_unif_gauss/graphs/CMIIC__v10_a15_g7_s500.json,,0.7645451950011193,14.0,11.0,0.3157894736842105,0.7692307692307692,0.375,0.6666666666666666
cbn_unif_gauss,CPC,"{""alpha"": 0.05, ""max_conditioning_set_size"": 3}",10,15,200,8,/home/mathis/Documents/Travail/cbnsl_benchmark/experiments/scaling/agrum3/../../../experiments/scaling/agrum3/2026-07-21_18h00_cbn_unif_gauss/graphs/golden__v10_a15_g8.json,/home/mathis/Documents/Travail/cbnsl_benchmark/experiments/scaling/agrum3/../../../experiments/scaling/agrum3/2026-07-21_18h00_cbn_unif_gauss/graphs/CPC__v10_a15_g8_s200.json,,0.09110878700084868,14.0,14.0,0.0,0.0,0.0,0.0
cbn_unif_gauss,CMIIC,"{""alpha"": 0.05}",10,15,200,8,/home/mathis/Documents/Travail/cbnsl_benchmark/experiments/scaling/agrum3/../../../experiments/scaling/agrum3/2026-07-21_18h00_cbn_unif_gauss/graphs/golden__v10_a15_g8.json,/home/mathis/Documents/Travail/cbnsl_benchmark/experiments/scaling/agrum3/../../../experiments/scaling/agrum3/2026-07-21_18h00_cbn_unif_gauss/graphs/CMIIC__v10_a15_g8_s200.json,,0.4078730200017162,8.0,4.0,0.25,0.962962962962963,0.6666666666666666,0.9285714285714286
cbn_unif_gauss,CPC,"{""alpha"": 0.05, ""max_conditioning_set_size"": 3}",10,15,500,8,/home/mathis/Documents/Travail/cbnsl_benchmark/experiments/scaling/agrum3/../../../experiments/scaling/agrum3/2026-07-21_18h00_cbn_unif_gauss/graphs/golden__v10_a15_g8.json,/home/mathis/Documents/Travail/cbnsl_benchmark/experiments/scaling/agrum3/../../../experiments/scaling/agrum3/2026-07-21_18h00_cbn_unif_gauss/graphs/CPC__v10_a15_g8_s500.json,,0.3702993039987632,13.0,13.0,0.0,0.13333333333333333,0.0,0.07142857142857142
cbn_unif_gauss,CMIIC,"{""alpha"": 0.05}",10,15,500,8,/home/mathis/Documents/Travail/cbnsl_benchmark/experiments/scaling/agrum3/../../../experiments/scaling/agrum3/2026-07-21_18h00_cbn_unif_gauss/graphs/golden__v10_a15_g8.json,/home/mathis/Documents/Travail/cbnsl_benchmark/experiments/scaling/agrum3/../../../experiments/scaling/agrum3/2026-07-21_18h00_cbn_unif_gauss/graphs/CMIIC__v10_a15_g8_s500.json,,0.9286932020004315,8.0,4.0,0.25,0.962962962962963,0.6666666666666666,0.9285714285714286
cbn_unif_gauss,CPC,"{""alpha"": 0.05, ""max_conditioning_set_size"": 3}",10,15,200,9,/home/mathis/Documents/Travail/cbnsl_benchmark/experiments/scaling/agrum3/../../../experiments/scaling/agrum3/2026-07-21_18h00_cbn_unif_gauss/graphs/golden__v10_a15_g9.json,/home/mathis/Documents/Travail/cbnsl_benchmark/experiments/scaling/agrum3/../../../experiments/scaling/agrum3/2026-07-21_18h00_cbn_unif_gauss/graphs/CPC__v10_a15_g9_s200.json,,0.056689518998609856,13.0,13.0,0.0,0.0,0.0,0.0
cbn_unif_gauss,CMIIC,"{""alpha"": 0.05}",10,15,200,9,/home/mathis/Documents/Travail/cbnsl_benchmark/experiments/scaling/agrum3/../../../experiments/scaling/agrum3/2026-07-21_18h00_cbn_unif_gauss/graphs/golden__v10_a15_g9.json,/home/mathis/Documents/Travail/cbnsl_benchmark/experiments/scaling/agrum3/../../../experiments/scaling/agrum3/2026-07-21_18h00_cbn_unif_gauss/graphs/CMIIC__v10_a15_g9_s200.json,,0.26212567900074646,13.0,4.0,0.0,0.9600000000000001,0.0,0.9230769230769231
cbn_unif_gauss,CPC,"{""alpha"": 0.05, ""max_conditioning_set_size"": 3}",10,15,500,9,/home/mathis/Documents/Travail/cbnsl_benchmark/experiments/scaling/agrum3/../../../experiments/scaling/agrum3/2026-07-21_18h00_cbn_unif_gauss/graphs/golden__v10_a15_g9.json,/home/mathis/Documents/Travail/cbnsl_benchmark/experiments/scaling/agrum3/../../../experiments/scaling/agrum3/2026-07-21_18h00_cbn_unif_gauss/graphs/CPC__v10_a15_g9_s500.json,,0.591003694000392,12.0,12.0,0.0,0.2666666666666667,0.0,0.15384615384615385
cbn_unif_gauss,CMIIC,"{""alpha"": 0.05}",10,15,500,9,/home/mathis/Documents/Travail/cbnsl_benchmark/experiments/scaling/agrum3/../../../experiments/scaling/agrum3/2026-07-21_18h00_cbn_unif_gauss/graphs/golden__v10_a15_g9.json,/home/mathis/Documents/Travail/cbnsl_benchmark/experiments/scaling/agrum3/../../../experiments/scaling/agrum3/2026-07-21_18h00_cbn_unif_gauss/graphs/CMIIC__v10_a15_g9_s500.json,,0.8080572690014378,13.0,2.0,0.0,0.9600000000000001,0.0,0.9230769230769231
cbn_unif_gauss,CPC,"{""alpha"": 0.05, ""max_conditioning_set_size"": 3}",10,15,200,10,/home/mathis/Documents/Travail/cbnsl_benchmark/experiments/scaling/agrum3/../../../experiments/scaling/agrum3/2026-07-21_18h00_cbn_unif_gauss/graphs/golden__v10_a15_g10.json,/home/mathis/Documents/Travail/cbnsl_benchmark/experiments/scaling/agrum3/../../../experiments/scaling/agrum3/2026-07-21_18h00_cbn_unif_gauss/graphs/CPC__v10_a15_g10_s200.json,,0.031069562999618938,14.0,13.0,0.0,0.13333333333333333,0.0,0.07142857142857142
cbn_unif_gauss,CMIIC,"{""alpha"": 0.05}",10,15,200,10,/home/mathis/Documents/Travail/cbnsl_benchmark/experiments/scaling/agrum3/../../../experiments/scaling/agrum3/2026-07-21_18h00_cbn_unif_gauss/graphs/golden__v10_a15_g10.json,/home/mathis/Documents/Travail/cbnsl_benchmark/experiments/scaling/agrum3/../../../experiments/scaling/agrum3/2026-07-21_18h00_cbn_unif_gauss/graphs/CMIIC__v10_a15_g10_s200.json,,0.19885140099722776,8.0,15.0,0.3333333333333333,0.8461538461538461,0.5,0.7857142857142857
cbn_unif_gauss,CPC,"{""alpha"": 0.05, ""max_conditioning_set_size"": 3}",10,15,500,10,/home/mathis/Documents/Travail/cbnsl_benchmark/experiments/scaling/agrum3/../../../experiments/scaling/agrum3/2026-07-21_18h00_cbn_unif_gauss/graphs/golden__v10_a15_g10.json,/home/mathis/Documents/Travail/cbnsl_benchmark/experiments/scaling/agrum3/../../../experiments/scaling/agrum3/2026-07-21_18h00_cbn_unif_gauss/graphs/CPC__v10_a15_g10_s500.json,,0.5123919389989169,13.0,13.0,0.0,0.25,0.0,0.14285714285714285
cbn_unif_gauss,CMIIC,"{""alpha"": 0.05}",10,15,500,10,/home/mathis/Documents/Travail/cbnsl_benchmark/experiments/scaling/agrum3/../../../experiments/scaling/agrum3/2026-07-21_18h00_cbn_unif_gauss/graphs/golden__v10_a15_g10.json,/home/mathis/Documents/Travail/cbnsl_benchmark/experiments/scaling/agrum3/../../../experiments/scaling/agrum3/2026-07-21_18h00_cbn_unif_gauss/graphs/CMIIC__v10_a15_g10_s500.json,,1.147115940999356,10.0,10.0,0.0,0.923076923076923,0.0,0.8571428571428571
cbn_unif_gauss,CPC,"{""alpha"": 0.05, ""max_conditioning_set_size"": 3}",10,15,200,11,/home/mathis/Documents/Travail/cbnsl_benchmark/experiments/scaling/agrum3/../../../experiments/scaling/agrum3/2026-07-21_18h00_cbn_unif_gauss/graphs/golden__v10_a15_g11.json,/home/mathis/Documents/Travail/cbnsl_benchmark/experiments/scaling/agrum3/../../../experiments/scaling/agrum3/2026-07-21_18h00_cbn_unif_gauss/graphs/CPC__v10_a15_g11_s200.json,,0.0750797659966338,13.0,12.0,0.0,0.375,0.0,0.23076923076923078
cbn_unif_gauss,CMIIC,"{""alpha"": 0.05}",10,15,200,11,/home/mathis/Documents/Travail/cbnsl_benchmark/experiments/scaling/agrum3/../../../experiments/scaling/agrum3/2026-07-21_18h00_cbn_unif_gauss/graphs/golden__v10_a15_g11.json,/home/mathis/Documents/Travail/cbnsl_benchmark/experiments/scaling/agrum3/../../../experiments/scaling/agrum3/2026-07-21_18h00_cbn_unif_gauss/graphs/CMIIC__v10_a15_g11_s200.json,,0.33467422500325483,12.0,6.0,0.25000000000000006,0.8333333333333333,0.4,0.7692307692307693
cbn_unif_gauss,CPC,"{""alpha"": 0.05, ""max_conditioning_set_size"": 3}",10,15,500,11,/home/mathis/Documents/Travail/cbnsl_benchmark/experiments/scaling/agrum3/../../../experiments/scaling/agrum3/2026-07-21_18h00_cbn_unif_gauss/graphs/golden__v10_a15_g11.json,/home/mathis/Documents/Travail/cbnsl_benchmark/experiments/scaling/agrum3/../../../experiments/scaling/agrum3/2026-07-21_18h00_cbn_unif_gauss/graphs/CPC__v10_a15_g11_s500.json,,0.5830302369977289,13.0,11.0,0.0,0.47058823529411764,0.0,0.3076923076923077
cbn_unif_gauss,CMIIC,"{""alpha"": 0.05}",10,15,500,11,/home/mathis/Documents/Travail/cbnsl_benchmark/experiments/scaling/agrum3/../../../experiments/scaling/agrum3/2026-07-21_18h00_cbn_unif_gauss/graphs/golden__v10_a15_g11.json,/home/mathis/Documents/Travail/cbnsl_benchmark/experiments/scaling/agrum3/../../../experiments/scaling/agrum3/2026-07-21_18h00_cbn_unif_gauss/graphs/CMIIC__v10_a15_g11_s500.json,,0.6672938209994754,11.0,9.0,0.26666666666666666,0.9166666666666666,0.5,0.8461538461538461
cbn_unif_gauss,CPC,"{""alpha"": 0.05, ""max_conditioning_set_size"": 3}",10,15,200,12,/home/mathis/Documents/Travail/cbnsl_benchmark/experiments/scaling/agrum3/../../../experiments/scaling/agrum3/2026-07-21_18h00_cbn_unif_gauss/graphs/golden__v10_a15_g12.json,/home/mathis/Documents/Travail/cbnsl_benchmark/experiments/scaling/agrum3/../../../experiments/scaling/agrum3/2026-07-21_18h00_cbn_unif_gauss/graphs/CPC__v10_a15_g12_s200.json,,0.06258587800039095,14.0,14.0,0.0,0.0,0.0,0.0
cbn_unif_gauss,CMIIC,"{""alpha"": 0.05}",10,15,200,12,/home/mathis/Documents/Travail/cbnsl_benchmark/experiments/scaling/agrum3/../../../experiments/scaling/agrum3/2026-07-21_18h00_cbn_unif_gauss/graphs/golden__v10_a15_g12.json,/home/mathis/Documents/Travail/cbnsl_benchmark/experiments/scaling/agrum3/../../../experiments/scaling/agrum3/2026-07-21_18h00_cbn_unif_gauss/graphs/CMIIC__v10_a15_g12_s200.json,,0.23330899400025373,12.0,9.0,0.13333333333333333,0.88,0.25,0.7857142857142857
cbn_unif_gauss,CPC,"{""alpha"": 0.05, ""max_conditioning_set_size"": 3}",10,15,500,12,/home/mathis/Documents/Travail/cbnsl_benchmark/experiments/scaling/agrum3/../../../experiments/scaling/agrum3/2026-07-21_18h00_cbn_unif_gauss/graphs/golden__v10_a15_g12.json,/home/mathis/Documents/Travail/cbnsl_benchmark/experiments/scaling/agrum3/../../../experiments/scaling/agrum3/2026-07-21_18h00_cbn_unif_gauss/graphs/CPC__v10_a15_g12_s500.json,,0.30200730199794634,13.0,12.0,0.0,0.35294117647058826,0.0,0.21428571428571427
cbn_unif_gauss,CMIIC,"{""alpha"": 0.05}",10,15,500,12,/home/mathis/Documents/Travail/cbnsl_benchmark/experiments/scaling/agrum3/../../../experiments/scaling/agrum3/2026-07-21_18h00_cbn_unif_gauss/graphs/golden__v10_a15_g12.json,/home/mathis/Documents/Travail/cbnsl_benchmark/experiments/scaling/agrum3/../../../experiments/scaling/agrum3/2026-07-21_18h00_cbn_unif_gauss/graphs/CMIIC__v10_a15_g12_s500.json,,0.7130745659997046,12.0,9.0,0.13333333333333333,0.88,0.25,0.7857142857142857
cbn_unif_gauss,CPC,"{""alpha"": 0.05, ""max_conditioning_set_size"": 3}",10,15,200,13,/home/mathis/Documents/Travail/cbnsl_benchmark/experiments/scaling/agrum3/../../../experiments/scaling/agrum3/2026-07-21_18h00_cbn_unif_gauss/graphs/golden__v10_a15_g13.json,/home/mathis/Documents/Travail/cbnsl_benchmark/experiments/scaling/agrum3/../../../experiments/scaling/agrum3/2026-07-21_18h00_cbn_unif_gauss/graphs/CPC__v10_a15_g13_s200.json,,0.08105670399891096,15.0,15.0,0.0,0.0,0.0,0.0
cbn_unif_gauss,CMIIC,"{""alpha"": 0.05}",10,15,200,13,/home/mathis/Documents/Travail/cbnsl_benchmark/experiments/scaling/agrum3/../../../experiments/scaling/agrum3/2026-07-21_18h00_cbn_unif_gauss/graphs/golden__v10_a15_g13.json,/home/mathis/Documents/Travail/cbnsl_benchmark/experiments/scaling/agrum3/../../../experiments/scaling/agrum3/2026-07-21_18h00_cbn_unif_gauss/graphs/CMIIC__v10_a15_g13_s200.json,,0.4147262270016654,12.0,9.0,0.5714285714285715,0.888888888888889,0.6666666666666666,0.8
cbn_unif_gauss,CPC,"{""alpha"": 0.05, ""max_conditioning_set_size"": 3}",10,15,500,13,/home/mathis/Documents/Travail/cbnsl_benchmark/experiments/scaling/agrum3/../../../experiments/scaling/agrum3/2026-07-21_18h00_cbn_unif_gauss/graphs/golden__v10_a15_g13.json,/home/mathis/Documents/Travail/cbnsl_benchmark/experiments/scaling/agrum3/../../../experiments/scaling/agrum3/2026-07-21_18h00_cbn_unif_gauss/graphs/CPC__v10_a15_g13_s500.json,,0.44984717199986335,14.0,14.0,0.0,0.23529411764705882,0.0,0.13333333333333333
cbn_unif_gauss,CMIIC,"{""alpha"": 0.05}",10,15,500,13,/home/mathis/Documents/Travail/cbnsl_benchmark/experiments/scaling/agrum3/../../../experiments/scaling/agrum3/2026-07-21_18h00_cbn_unif_gauss/graphs/golden__v10_a15_g13.json,/home/mathis/Documents/Travail/cbnsl_benchmark/experiments/scaling/agrum3/../../../experiments/scaling/agrum3/2026-07-21_18h00_cbn_unif_gauss/graphs/CMIIC__v10_a15_g13_s500.json,,0.9222202679993643,13.0,1.0,0.3333333333333333,0.9655172413793104,0.75,0.9333333333333333
cbn_unif_gauss,CPC,"{""alpha"": 0.05, ""max_conditioning_set_size"": 3}",10,15,200,14,/home/mathis/Documents/Travail/cbnsl_benchmark/experiments/scaling/agrum3/../../../experiments/scaling/agrum3/2026-07-21_18h00_cbn_unif_gauss/graphs/golden__v10_a15_g14.json,/home/mathis/Documents/Travail/cbnsl_benchmark/experiments/scaling/agrum3/../../../experiments/scaling/agrum3/2026-07-21_18h00_cbn_unif_gauss/graphs/CPC__v10_a15_g14_s200.json,,0.04251537800155347,14.0,14.0,0.0,0.0,0.0,0.0
cbn_unif_gauss,CMIIC,"{""alpha"": 0.05}",10,15,200,14,/home/mathis/Documents/Travail/cbnsl_benchmark/experiments/scaling/agrum3/../../../experiments/scaling/agrum3/2026-07-21_18h00_cbn_unif_gauss/graphs/golden__v10_a15_g14.json,/home/mathis/Documents/Travail/cbnsl_benchmark/experiments/scaling/agrum3/../../../experiments/scaling/agrum3/2026-07-21_18h00_cbn_unif_gauss/graphs/CMIIC__v10_a15_g14_s200.json,,0.24652948700168054,7.0,3.0,0.6,0.962962962962963,0.8571428571428571,0.9285714285714286
cbn_unif_gauss,CPC,"{""alpha"": 0.05, ""max_conditioning_set_size"": 3}",10,15,500,14,/home/mathis/Documents/Travail/cbnsl_benchmark/experiments/scaling/agrum3/../../../experiments/scaling/agrum3/2026-07-21_18h00_cbn_unif_gauss/graphs/golden__v10_a15_g14.json,/home/mathis/Documents/Travail/cbnsl_benchmark/experiments/scaling/agrum3/../../../experiments/scaling/agrum3/2026-07-21_18h00_cbn_unif_gauss/graphs/CPC__v10_a15_g14_s500.json,,0.3760413870004413,13.0,14.0,0.0,0.13333333333333333,0.0,0.07142857142857142
cbn_unif_gauss,CMIIC,"{""alpha"": 0.05}",10,15,500,14,/home/mathis/Documents/Travail/cbnsl_benchmark/experiments/scaling/agrum3/../../../experiments/scaling/agrum3/2026-07-21_18h00_cbn_unif_gauss/graphs/golden__v10_a15_g14.json,/home/mathis/Documents/Travail/cbnsl_benchmark/experiments/scaling/agrum3/../../../experiments/scaling/agrum3/2026-07-21_18h00_cbn_unif_gauss/graphs/CMIIC__v10_a15_g14_s500.json,,0.7918344800018531,9.0,10.0,0.35294117647058826,0.923076923076923,0.6,0.8571428571428571
cbn_unif_gauss,CPC,"{""alpha"": 0.05, ""max_conditioning_set_size"": 3}",10,15,200,15,/home/mathis/Documents/Travail/cbnsl_benchmark/experiments/scaling/agrum3/../../../experiments/scaling/agrum3/2026-07-21_18h00_cbn_unif_gauss/graphs/golden__v10_a15_g15.json,/home/mathis/Documents/Travail/cbnsl_benchmark/experiments/scaling/agrum3/../../../experiments/scaling/agrum3/2026-07-21_18h00_cbn_unif_gauss/graphs/CPC__v10_a15_g15_s200.json,,0.026301840000087395,12.0,10.0,0.0,0.2857142857142857,0.0,0.16666666666666666
cbn_unif_gauss,CMIIC,"{""alpha"": 0.05}",10,15,200,15,/home/mathis/Documents/Travail/cbnsl_benchmark/experiments/scaling/agrum3/../../../experiments/scaling/agrum3/2026-07-21_18h00_cbn_unif_gauss/graphs/golden__v10_a15_g15.json,/home/mathis/Documents/Travail/cbnsl_benchmark/experiments/scaling/agrum3/../../../experiments/scaling/agrum3/2026-07-21_18h00_cbn_unif_gauss/graphs/CMIIC__v10_a15_g15_s200.json,,0.12870823000048404,10.0,5.0,0.28571428571428575,0.9565217391304348,0.6666666666666666,0.9166666666666666
cbn_unif_gauss,CPC,"{""alpha"": 0.05, ""max_conditioning_set_size"": 3}",10,15,500,15,/home/mathis/Documents/Travail/cbnsl_benchmark/experiments/scaling/agrum3/../../../experiments/scaling/agrum3/2026-07-21_18h00_cbn_unif_gauss/graphs/golden__v10_a15_g15.json,/home/mathis/Documents/Travail/cbnsl_benchmark/experiments/scaling/agrum3/../../../experiments/scaling/agrum3/2026-07-21_18h00_cbn_unif_gauss/graphs/CPC__v10_a15_g15_s500.json,,0.26597122300154297,12.0,9.0,0.0,0.5,0.0,0.3333333333333333
cbn_unif_gauss,CMIIC,"{""alpha"": 0.05}",10,15,500,15,/home/mathis/Documents/Travail/cbnsl_benchmark/experiments/scaling/agrum3/../../../experiments/scaling/agrum3/2026-07-21_18h00_cbn_unif_gauss/graphs/golden__v10_a15_g15.json,/home/mathis/Documents/Travail/cbnsl_benchmark/experiments/scaling/agrum3/../../../experiments/scaling/agrum3/2026-07-21_18h00_cbn_unif_gauss/graphs/CMIIC__v10_a15_g15_s500.json,,0.5178859090010519,10.0,5.0,0.28571428571428575,0.9565217391304348,0.6666666666666666,0.9166666666666666
cbn_unif_gauss,CPC,"{""alpha"": 0.05, ""max_conditioning_set_size"": 3}",10,15,200,16,/home/mathis/Documents/Travail/cbnsl_benchmark/experiments/scaling/agrum3/../../../experiments/scaling/agrum3/2026-07-21_18h00_cbn_unif_gauss/graphs/golden__v10_a15_g16.json,/home/mathis/Documents/Travail/cbnsl_benchmark/experiments/scaling/agrum3/../../../experiments/scaling/agrum3/2026-07-21_18h00_cbn_unif_gauss/graphs/CPC__v10_a15_g16_s200.json,,0.04031765000036103,15.0,15.0,0.0,0.23529411764705882,0.0,0.13333333333333333
cbn_unif_gauss,CMIIC,"{""alpha"": 0.05}",10,15,200,16,/home/mathis/Documents/Travail/cbnsl_benchmark/experiments/scaling/agrum3/../../../experiments/scaling/agrum3/2026-07-21_18h00_cbn_unif_gauss/graphs/golden__v10_a15_g16.json,/home/mathis/Documents/Travail/cbnsl_benchmark/experiments/scaling/agrum3/../../../experiments/scaling/agrum3/2026-07-21_18h00_cbn_unif_gauss/graphs/CMIIC__v10_a15_g16_s200.json,,0.16898422200029017,13.0,13.0,0.23529411764705882,0.8,0.2857142857142857,0.6666666666666666
cbn_unif_gauss,CPC,"{""alpha"": 0.05, ""max_conditioning_set_size"": 3}",10,15,500,16,/home/mathis/Documents/Travail/cbnsl_benchmark/experiments/scaling/agrum3/../../../experiments/scaling/agrum3/2026-07-21_18h00_cbn_unif_gauss/graphs/golden__v10_a15_g16.json,/home/mathis/Documents/Travail/cbnsl_benchmark/experiments/scaling/agrum3/../../../experiments/scaling/agrum3/2026-07-21_18h00_cbn_unif_gauss/graphs/CPC__v10_a15_g16_s500.json,,0.2853504939994309,15.0,14.0,0.0,0.23529411764705882,0.0,0.13333333333333333
cbn_unif_gauss,CMIIC,"{""alpha"": 0.05}",10,15,500,16,/home/mathis/Documents/Travail/cbnsl_benchmark/experiments/scaling/agrum3/../../../experiments/scaling/agrum3/2026-07-21_18h00_cbn_unif_gauss/graphs/golden__v10_a15_g16.json,/home/mathis/Documents/Travail/cbnsl_benchmark/experiments/scaling/agrum3/../../../experiments/scaling/agrum3/2026-07-21_18h00_cbn_unif_gauss/graphs/CMIIC__v10_a15_g16_s500.json,,0.6830947180023941,13.0,13.0,0.23529411764705882,0.7499999999999999,0.25,0.6
cbn_unif_gauss,CPC,"{""alpha"": 0.05, ""max_conditioning_set_size"": 3}",10,15,200,17,/home/mathis/Documents/Travail/cbnsl_benchmark/experiments/scaling/agrum3/../../../experiments/scaling/agrum3/2026-07-21_18h00_cbn_unif_gauss/graphs/golden__v10_a15_g17.json,/home/mathis/Documents/Travail/cbnsl_benchmark/experiments/scaling/agrum3/../../../experiments/scaling/agrum3/2026-07-21_18h00_cbn_unif_gauss/graphs/CPC__v10_a15_g17_s200.json,,0.07717897000111407,15.0,15.0,0.0,0.0,0.0,0.0
cbn_unif_gauss,CMIIC,"{""alpha"": 0.05}",10,15,200,17,/home/mathis/Documents/Travail/cbnsl_benchmark/experiments/scaling/agrum3/../../../experiments/scaling/agrum3/2026-07-21_18h00_cbn_unif_gauss/graphs/golden__v10_a15_g17.json,/home/mathis/Documents/Travail/cbnsl_benchmark/experiments/scaling/agrum3/../../../experiments/scaling/agrum3/2026-07-21_18h00_cbn_unif_gauss/graphs/CMIIC__v10_a15_g17_s200.json,,0.2645481369982008,15.0,9.0,0.3333333333333333,0.888888888888889,0.5,0.8
cbn_unif_gauss,CPC,"{""alpha"": 0.05, ""max_conditioning_set_size"": 3}",10,15,500,17,/home/mathis/Documents/Travail/cbnsl_benchmark/experiments/scaling/agrum3/../../../experiments/scaling/agrum3/2026-07-21_18h00_cbn_unif_gauss/graphs/golden__v10_a15_g17.json,/home/mathis/Documents/Travail/cbnsl_benchmark/experiments/scaling/agrum3/../../../experiments/scaling/agrum3/2026-07-21_18h00_cbn_unif_gauss/graphs/CPC__v10_a15_g17_s500.json,,0.43379579199972795,15.0,15.0,0.0,0.125,0.0,0.06666666666666667
cbn_unif_gauss,CMIIC,"{""alpha"": 0.05}",10,15,500,17,/home/mathis/Documents/Travail/cbnsl_benchmark/experiments/scaling/agrum3/../../../experiments/scaling/agrum3/2026-07-21_18h00_cbn_unif_gauss/graphs/golden__v10_a15_g17.json,/home/mathis/Documents/Travail/cbnsl_benchmark/experiments/scaling/agrum3/../../../experiments/scaling/agrum3/2026-07-21_18h00_cbn_unif_gauss/graphs/CMIIC__v10_a15_g17_s500.json,,0.948855779999576,12.0,9.0,0.33333333333333337,0.9285714285714286,0.6,0.8666666666666667
cbn_unif_gauss,CPC,"{""alpha"": 0.05, ""max_conditioning_set_size"": 3}",10,15,200,18,/home/mathis/Documents/Travail/cbnsl_benchmark/experiments/scaling/agrum3/../../../experiments/scaling/agrum3/2026-07-21_18h00_cbn_unif_gauss/graphs/golden__v10_a15_g18.json,/home/mathis/Documents/Travail/cbnsl_benchmark/experiments/scaling/agrum3/../../../experiments/scaling/agrum3/2026-07-21_18h00_cbn_unif_gauss/graphs/CPC__v10_a15_g18_s200.json,,0.04086182799801463,15.0,15.0,0.0,0.0,0.0,0.0
cbn_unif_gauss,CMIIC,"{""alpha"": 0.05}",10,15,200,18,/home/mathis/Documents/Travail/cbnsl_benchmark/experiments/scaling/agrum3/../../../experiments/scaling/agrum3/2026-07-21_18h00_cbn_unif_gauss/graphs/golden__v10_a15_g18.json,/home/mathis/Documents/Travail/cbnsl_benchmark/experiments/scaling/agrum3/../../../experiments/scaling/agrum3/2026-07-21_18h00_cbn_unif_gauss/graphs/CMIIC__v10_a15_g18_s200.json,,0.18943925100029446,12.0,10.0,0.3333333333333333,0.888888888888889,0.5,0.8
cbn_unif_gauss,CPC,"{""alpha"": 0.05, ""max_conditioning_set_size"": 3}",10,15,500,18,/home/mathis/Documents/Travail/cbnsl_benchmark/experiments/scaling/agrum3/../../../experiments/scaling/agrum3/2026-07-21_18h00_cbn_unif_gauss/graphs/golden__v10_a15_g18.json,/home/mathis/Documents/Travail/cbnsl_benchmark/experiments/scaling/agrum3/../../../experiments/scaling/agrum3/2026-07-21_18h00_cbn_unif_gauss/graphs/CPC__v10_a15_g18_s500.json,,0.24411247299940442,14.0,13.0,0.0,0.23529411764705882,0.0,0.13333333333333333
cbn_unif_gauss,CMIIC,"{""alpha"": 0.05}",10,15,500,18,/home/mathis/Documents/Travail/cbnsl_benchmark/experiments/scaling/agrum3/../../../experiments/scaling/agrum3/2026-07-21_18h00_cbn_unif_gauss/graphs/golden__v10_a15_g18.json,/home/mathis/Documents/Travail/cbnsl_benchmark/experiments/scaling/agrum3/../../../experiments/scaling/agrum3/2026-07-21_18h00_cbn_unif_gauss/graphs/CMIIC__v10_a15_g18_s500.json,,0.6561710179994407,14.0,9.0,0.12500000000000003,0.846153846153846,0.2,0.7333333333333333
cbn_unif_gauss,CPC,"{""alpha"": 0.05, ""max_conditioning_set_size"": 3}",10,15,200,19,/home/mathis/Documents/Travail/cbnsl_benchmark/experiments/scaling/agrum3/../../../experiments/scaling/agrum3/2026-07-21_18h00_cbn_unif_gauss/graphs/golden__v10_a15_g19.json,/home/mathis/Documents/Travail/cbnsl_benchmark/experiments/scaling/agrum3/../../../experiments/scaling/agrum3/2026-07-21_18h00_cbn_unif_gauss/graphs/CPC__v10_a15_g19_s200.json,,0.04885435599862831,15.0,15.0,0.0,0.0,0.0,0.0
cbn_unif_gauss,CMIIC,"{""alpha"": 0.05}",10,15,200,19,/home/mathis/Documents/Travail/cbnsl_benchmark/experiments/scaling/agrum3/../../../experiments/scaling/agrum3/2026-07-21_18h00_cbn_unif_gauss/graphs/golden__v10_a15_g19.json,/home/mathis/Documents/Travail/cbnsl_benchmark/experiments/scaling/agrum3/../../../experiments/scaling/agrum3/2026-07-21_18h00_cbn_unif_gauss/graphs/CMIIC__v10_a15_g19_s200.json,,0.2826585439979681,8.0,4.0,0.608695652173913,0.8571428571428571,0.7,0.8
cbn_unif_gauss,CPC,"{""alpha"": 0.05, ""max_conditioning_set_size"": 3}",10,15,500,19,/home/mathis/Documents/Travail/cbnsl_benchmark/experiments/scaling/agrum3/../../../experiments/scaling/agrum3/2026-07-21_18h00_cbn_unif_gauss/graphs/golden__v10_a15_g19.json,/home/mathis/Documents/Travail/cbnsl_benchmark/experiments/scaling/agrum3/../../../experiments/scaling/agrum3/2026-07-21_18h00_cbn_unif_gauss/graphs/CPC__v10_a15_g19_s500.json,,0.3953284750023158,14.0,15.0,0.0,0.23529411764705882,0.0,0.13333333333333333
cbn_unif_gauss,CMIIC,"{""alpha"": 0.05}",10,15,500,19,/home/mathis/Documents/Travail/cbnsl_benchmark/experiments/scaling/agrum3/../../../experiments/scaling/agrum3/2026-07-21_18h00_cbn_unif_gauss/graphs/golden__v10_a15_g19.json,/home/mathis/Documents/Travail/cbnsl_benchmark/experiments/scaling/agrum3/../../../experiments/scaling/agrum3/2026-07-21_18h00_cbn_unif_gauss/graphs/CMIIC__v10_a15_g19_s500.json,,1.131608553998376,10.0,7.0,0.5,0.9285714285714286,0.7142857142857143,0.8666666666666667
cbn_unif_gauss,CPC,"{""alpha"": 0.05, ""max_conditioning_set_size"": 3}",10,15,200,20,/home/mathis/Documents/Travail/cbnsl_benchmark/experiments/scaling/agrum3/../../../experiments/scaling/agrum3/2026-07-21_18h00_cbn_unif_gauss/graphs/golden__v10_a15_g20.json,/home/mathis/Documents/Travail/cbnsl_benchmark/experiments/scaling/agrum3/../../../experiments/scaling/agrum3/2026-07-21_18h00_cbn_unif_gauss/graphs/CPC__v10_a15_g20_s200.json,,0.039193201999296434,10.0,11.0,0.0,0.16666666666666669,0.0,0.09090909090909091
cbn_unif_gauss,CMIIC,"{""alpha"": 0.05}",10,15,200,20,/home/mathis/Documents/Travail/cbnsl_benchmark/experiments/scaling/agrum3/../../../experiments/scaling/agrum3/2026-07-21_18h00_cbn_unif_gauss/graphs/golden__v10_a15_g20.json,/home/mathis/Documents/Travail/cbnsl_benchmark/experiments/scaling/agrum3/../../../experiments/scaling/agrum3/2026-07-21_18h00_cbn_unif_gauss/graphs/CMIIC__v10_a15_g20_s200.json,,0.12528247499722056,12.0,8.0,0.14285714285714288,0.761904761904762,0.25,0.7272727272727273
cbn_unif_gauss,CPC,"{""alpha"": 0.05, ""max_conditioning_set_size"": 3}",10,15,500,20,/home/mathis/Documents/Travail/cbnsl_benchmark/experiments/scaling/agrum3/../../../experiments/scaling/agrum3/2026-07-21_18h00_cbn_unif_gauss/graphs/golden__v10_a15_g20.json,/home/mathis/Documents/Travail/cbnsl_benchmark/experiments/scaling/agrum3/../../../experiments/scaling/agrum3/2026-07-21_18h00_cbn_unif_gauss/graphs/CPC__v10_a15_g20_s500.json,,0.272932102001505,10.0,9.0,0.0,0.42857142857142855,0.0,0.2727272727272727
cbn_unif_gauss,CMIIC,"{""alpha"": 0.05}",10,15,500,20,/home/mathis/Documents/Travail/cbnsl_benchmark/experiments/scaling/agrum3/../../../experiments/scaling/agrum3/2026-07-21_18h00_cbn_unif_gauss/graphs/golden__v10_a15_g20.json,/home/mathis/Documents/Travail/cbnsl_benchmark/experiments/scaling/agrum3/../../../experiments/scaling/agrum3/2026-07-21_18h00_cbn_unif_gauss/graphs/CMIIC__v10_a15_g20_s500.json,,0.7521255479987303,11.0,2.0,0.15384615384615385,0.9565217391304348,1.0,1.0
cbn_unif_gauss,CPC,"{""alpha"": 0.05, ""max_conditioning_set_size"": 3}",10,15,200,21,/home/mathis/Documents/Travail/cbnsl_benchmark/experiments/scaling/agrum3/../../../experiments/scaling/agrum3/2026-07-21_18h00_cbn_unif_gauss/graphs/golden__v10_a15_g21.json,/home/mathis/Documents/Travail/cbnsl_benchmark/experiments/scaling/agrum3/../../../experiments/scaling/agrum3/2026-07-21_18h00_cbn_unif_gauss/graphs/CPC__v10_a15_g21_s200.json,,0.05714112300120178,15.0,15.0,0.0,0.0,0.0,0.0
cbn_unif_gauss,CMIIC,"{""alpha"": 0.05}",10,15,200,21,/home/mathis/Documents/Travail/cbnsl_benchmark/experiments/scaling/agrum3/../../../experiments/scaling/agrum3/2026-07-21_18h00_cbn_unif_gauss/graphs/golden__v10_a15_g21.json,/home/mathis/Documents/Travail/cbnsl_benchmark/experiments/scaling/agrum3/../../../experiments/scaling/agrum3/2026-07-21_18h00_cbn_unif_gauss/graphs/CMIIC__v10_a15_g21_s200.json,,0.2255454539990751,11.0,10.0,0.33333333333333326,0.846153846153846,0.42857142857142855,0.7333333333333333
cbn_unif_gauss,CPC,"{""alpha"": 0.05, ""max_conditioning_set_size"": 3}",10,15,500,21,/home/mathis/Documents/Travail/cbnsl_benchmark/experiments/scaling/agrum3/../../../experiments/scaling/agrum3/2026-07-21_18h00_cbn_unif_gauss/graphs/golden__v10_a15_g21.json,/home/mathis/Documents/Travail/cbnsl_benchmark/experiments/scaling/agrum3/../../../experiments/scaling/agrum3/2026-07-21_18h00_cbn_unif_gauss/graphs/CPC__v10_a15_g21_s500.json,,0.32167768599902047,14.0,14.0,0.0,0.23529411764705882,0.0,0.13333333333333333
cbn_unif_gauss,CMIIC,"{""alpha"": 0.05}",10,15,500,21,/home/mathis/Documents/Travail/cbnsl_benchmark/experiments/scaling/agrum3/../../../experiments/scaling/agrum3/2026-07-21_18h00_cbn_unif_gauss/graphs/golden__v10_a15_g21.json,/home/mathis/Documents/Travail/cbnsl_benchmark/experiments/scaling/agrum3/../../../experiments/scaling/agrum3/2026-07-21_18h00_cbn_unif_gauss/graphs/CMIIC__v10_a15_g21_s500.json,,0.6187741520006966,11.0,9.0,0.33333333333333326,0.846153846153846,0.42857142857142855,0.7333333333333333
cbn_unif_gauss,CPC,"{""alpha"": 0.05, ""max_conditioning_set_size"": 3}",10,15,200,22,/home/mathis/Documents/Travail/cbnsl_benchmark/experiments/scaling/agrum3/../../../experiments/scaling/agrum3/2026-07-21_18h00_cbn_unif_gauss/graphs/golden__v10_a15_g22.json,/home/mathis/Documents/Travail/cbnsl_benchmark/experiments/scaling/agrum3/../../../experiments/scaling/agrum3/2026-07-21_18h00_cbn_unif_gauss/graphs/CPC__v10_a15_g22_s200.json,,0.0499277799972333,15.0,15.0,0.0,0.0,0.0,0.0
cbn_unif_gauss,CMIIC,"{""alpha"": 0.05}",10,15,200,22,/home/mathis/Documents/Travail/cbnsl_benchmark/experiments/scaling/agrum3/../../../experiments/scaling/agrum3/2026-07-21_18h00_cbn_unif_gauss/graphs/golden__v10_a15_g22.json,/home/mathis/Documents/Travail/cbnsl_benchmark/experiments/scaling/agrum3/../../../experiments/scaling/agrum3/2026-07-21_18h00_cbn_unif_gauss/graphs/CMIIC__v10_a15_g22_s200.json,,0.2518650999991223,11.0,9.0,0.125,0.9285714285714286,0.3333333333333333,0.8666666666666667
cbn_unif_gauss,CPC,"{""alpha"": 0.05, ""max_conditioning_set_size"": 3}",10,15,500,22,/home/mathis/Documents/Travail/cbnsl_benchmark/experiments/scaling/agrum3/../../../experiments/scaling/agrum3/2026-07-21_18h00_cbn_unif_gauss/graphs/golden__v10_a15_g22.json,/home/mathis/Documents/Travail/cbnsl_benchmark/experiments/scaling/agrum3/../../../experiments/scaling/agrum3/2026-07-21_18h00_cbn_unif_gauss/graphs/CPC__v10_a15_g22_s500.json,,0.5292021499990369,13.0,14.0,0.0,0.23529411764705882,0.0,0.13333333333333333
cbn_unif_gauss,CMIIC,"{""alpha"": 0.05}",10,15,500,22,/home/mathis/Documents/Travail/cbnsl_benchmark/experiments/scaling/agrum3/../../../experiments/scaling/agrum3/2026-07-21_18h00_cbn_unif_gauss/graphs/golden__v10_a15_g22.json,/home/mathis/Documents/Travail/cbnsl_benchmark/experiments/scaling/agrum3/../../../experiments/scaling/agrum3/2026-07-21_18h00_cbn_unif_gauss/graphs/CMIIC__v10_a15_g22_s500.json,,0.8866517280002881,11.0,13.0,0.125,0.9655172413793104,0.5,0.9333333333333333
cbn_unif_gauss,CPC,"{""alpha"": 0.05, ""max_conditioning_set_size"": 3}",10,15,200,23,/home/mathis/Documents/Travail/cbnsl_benchmark/experiments/scaling/agrum3/../../../experiments/scaling/agrum3/2026-07-21_18h00_cbn_unif_gauss/graphs/golden__v10_a15_g23.json,/home/mathis/Documents/Travail/cbnsl_benchmark/experiments/scaling/agrum3/../../../experiments/scaling/agrum3/2026-07-21_18h00_cbn_unif_gauss/graphs/CPC__v10_a15_g23_s200.json,,0.07430115299939644,15.0,15.0,0.0,0.0,0.0,0.0
cbn_unif_gauss,CMIIC,"{""alpha"": 0.05}",10,15,200,23,/home/mathis/Documents/Travail/cbnsl_benchmark/experiments/scaling/agrum3/../../../experiments/scaling/agrum3/2026-07-21_18h00_cbn_unif_gauss/graphs/golden__v10_a15_g23.json,/home/mathis/Documents/Travail/cbnsl_benchmark/experiments/scaling/agrum3/../../../experiments/scaling/agrum3/2026-07-21_18h00_cbn_unif_gauss/graphs/CMIIC__v10_a15_g23_s200.json,,0.35526482999921427,9.0,13.0,0.5217391304347827,0.8666666666666667,0.75,0.8666666666666667
cbn_unif_gauss,CPC,"{""alpha"": 0.05, ""max_conditioning_set_size"": 3}",10,15,500,23,/home/mathis/Documents/Travail/cbnsl_benchmark/experiments/scaling/agrum3/../../../experiments/scaling/agrum3/2026-07-21_18h00_cbn_unif_gauss/graphs/golden__v10_a15_g23.json,/home/mathis/Documents/Travail/cbnsl_benchmark/experiments/scaling/agrum3/../../../experiments/scaling/agrum3/2026-07-21_18h00_cbn_unif_gauss/graphs/CPC__v10_a15_g23_s500.json,,0.5403984359982132,15.0,15.0,0.0,0.0,0.0,0.0
cbn_unif_gauss,CMIIC,"{""alpha"": 0.05}",10,15,500,23,/home/mathis/Documents/Travail/cbnsl_benchmark/experiments/scaling/agrum3/../../../experiments/scaling/agrum3/2026-07-21_18h00_cbn_unif_gauss/graphs/golden__v10_a15_g23.json,/home/mathis/Documents/Travail/cbnsl_benchmark/experiments/scaling/agrum3/../../../experiments/scaling/agrum3/2026-07-21_18h00_cbn_unif_gauss/graphs/CMIIC__v10_a15_g23_s500.json,,1.1676802900001348,8.0,12.0,0.5454545454545454,0.896551724137931,0.75,0.8666666666666667
cbn_unif_gauss,CPC,"{""alpha"": 0.05, ""max_conditioning_set_size"": 3}",10,15,200,24,/home/mathis/Documents/Travail/cbnsl_benchmark/experiments/scaling/agrum3/../../../experiments/scaling/agrum3/2026-07-21_18h00_cbn_unif_gauss/graphs/golden__v10_a15_g24.json,/home/mathis/Documents/Travail/cbnsl_benchmark/experiments/scaling/agrum3/../../../experiments/scaling/agrum3/2026-07-21_18h00_cbn_unif_gauss/graphs/CPC__v10_a15_g24_s200.json,,0.0604423830009182,11.0,11.0,0.0,0.0,0.0,0.0
cbn_unif_gauss,CMIIC,"{""alpha"": 0.05}",10,15,200,24,/home/mathis/Documents/Travail/cbnsl_benchmark/experiments/scaling/agrum3/../../../experiments/scaling/agrum3/2026-07-21_18h00_cbn_unif_gauss/graphs/golden__v10_a15_g24.json,/home/mathis/Documents/Travail/cbnsl_benchmark/experiments/scaling/agrum3/../../../experiments/scaling/agrum3/2026-07-21_18h00_cbn_unif_gauss/graphs/CMIIC__v10_a15_g24_s200.json,,0.17539312100052484,7.0,9.0,0.3076923076923077,1.0,1.0,1.0
cbn_unif_gauss,CPC,"{""alpha"": 0.05, ""max_conditioning_set_size"": 3}",10,15,500,24,/home/mathis/Documents/Travail/cbnsl_benchmark/experiments/scaling/agrum3/../../../experiments/scaling/agrum3/2026-07-21_18h00_cbn_unif_gauss/graphs/golden__v10_a15_g24.json,/home/mathis/Documents/Travail/cbnsl_benchmark/experiments/scaling/agrum3/../../../experiments/scaling/agrum3/2026-07-21_18h00_cbn_unif_gauss/graphs/CPC__v10_a15_g24_s500.json,,0.5148538610010291,9.0,10.0,0.0,0.42857142857142855,0.0,0.2727272727272727
cbn_unif_gauss,CMIIC,"{""alpha"": 0.05}",10,15,500,24,/home/mathis/Documents/Travail/cbnsl_benchmark/experiments/scaling/agrum3/../../../experiments/scaling/agrum3/2026-07-21_18h00_cbn_unif_gauss/graphs/golden__v10_a15_g24.json,/home/mathis/Documents/Travail/cbnsl_benchmark/experiments/scaling/agrum3/../../../experiments/scaling/agrum3/2026-07-21_18h00_cbn_unif_gauss/graphs/CMIIC__v10_a15_g24_s500.json,,0.7214253080019262,7.0,9.0,0.3076923076923077,1.0,1.0,1.0
cbn_unif_gauss,CPC,"{""alpha"": 0.05, ""max_conditioning_set_size"": 3}",10,15,200,25,/home/mathis/Documents/Travail/cbnsl_benchmark/experiments/scaling/agrum3/../../../experiments/scaling/agrum3/2026-07-21_18h00_cbn_unif_gauss/graphs/golden__v10_a15_g25.json,/home/mathis/Documents/Travail/cbnsl_benchmark/experiments/scaling/agrum3/../../../experiments/scaling/agrum3/2026-07-21_18h00_cbn_unif_gauss/graphs/CPC__v10_a15_g25_s200.json,,0.048578416997770546,15.0,15.0,0.0,0.0,0.0,0.0
cbn_unif_gauss,CMIIC,"{""alpha"": 0.05}",10,15,200,25,/home/mathis/Documents/Travail/cbnsl_benchmark/experiments/scaling/agrum3/../../../experiments/scaling/agrum3/2026-07-21_18h00_cbn_unif_gauss/graphs/golden__v10_a15_g25.json,/home/mathis/Documents/Travail/cbnsl_benchmark/experiments/scaling/agrum3/../../../experiments/scaling/agrum3/2026-07-21_18h00_cbn_unif_gauss/graphs/CMIIC__v10_a15_g25_s200.json,,0.2892248730022402,12.0,6.0,0.11764705882352941,0.8571428571428571,0.25,0.8
cbn_unif_gauss,CPC,"{""alpha"": 0.05, ""max_conditioning_set_size"": 3}",10,15,500,25,/home/mathis/Documents/Travail/cbnsl_benchmark/experiments/scaling/agrum3/../../../experiments/scaling/agrum3/2026-07-21_18h00_cbn_unif_gauss/graphs/golden__v10_a15_g25.json,/home/mathis/Documents/Travail/cbnsl_benchmark/experiments/scaling/agrum3/../../../experiments/scaling/agrum3/2026-07-21_18h00_cbn_unif_gauss/graphs/CPC__v10_a15_g25_s500.json,,0.4270819900011702,14.0,14.0,0.0,0.23529411764705882,0.0,0.13333333333333333
cbn_unif_gauss,CMIIC,"{""alpha"": 0.05}",10,15,500,25,/home/mathis/Documents/Travail/cbnsl_benchmark/experiments/scaling/agrum3/../../../experiments/scaling/agrum3/2026-07-21_18h00_cbn_unif_gauss/graphs/golden__v10_a15_g25.json,/home/mathis/Documents/Travail/cbnsl_benchmark/experiments/scaling/agrum3/../../../experiments/scaling/agrum3/2026-07-21_18h00_cbn_unif_gauss/graphs/CMIIC__v10_a15_g25_s500.json,,0.9903371100008371,12.0,6.0,0.11764705882352941,0.8571428571428571,0.25,0.8
cbn_unif_gauss,CPC,"{""alpha"": 0.05, ""max_conditioning_set_size"": 3}",10,15,200,26,/home/mathis/Documents/Travail/cbnsl_benchmark/experiments/scaling/agrum3/../../../experiments/scaling/agrum3/2026-07-21_18h00_cbn_unif_gauss/graphs/golden__v10_a15_g26.json,/home/mathis/Documents/Travail/cbnsl_benchmark/experiments/scaling/agrum3/../../../experiments/scaling/agrum3/2026-07-21_18h00_cbn_unif_gauss/graphs/CPC__v10_a15_g26_s200.json,,0.03997741200146265,13.0,15.0,0.0,0.33333333333333337,0.0,0.2
cbn_unif_gauss,CMIIC,"{""alpha"": 0.05}",10,15,200,26,/home/mathis/Documents/Travail/cbnsl_benchmark/experiments/scaling/agrum3/../../../experiments/scaling/agrum3/2026-07-21_18h00_cbn_unif_gauss/graphs/golden__v10_a15_g26.json,/home/mathis/Documents/Travail/cbnsl_benchmark/experiments/scaling/agrum3/../../../experiments/scaling/agrum3/2026-07-21_18h00_cbn_unif_gauss/graphs/CMIIC__v10_a15_g26_s200.json,,0.22517230399898835,11.0,12.0,0.33333333333333326,0.8,0.375,0.6666666666666666
cbn_unif_gauss,CPC,"{""alpha"": 0.05, ""max_conditioning_set_size"": 3}",10,15,500,26,/home/mathis/Documents/Travail/cbnsl_benchmark/experiments/scaling/agrum3/../../../experiments/scaling/agrum3/2026-07-21_18h00_cbn_unif_gauss/graphs/golden__v10_a15_g26.json,/home/mathis/Documents/Travail/cbnsl_benchmark/experiments/scaling/agrum3/../../../experiments/scaling/agrum3/2026-07-21_18h00_cbn_unif_gauss/graphs/CPC__v10_a15_g26_s500.json,,0.2570361949983635,13.0,14.0,0.0,0.5,0.0,0.3333333333333333
cbn_unif_gauss,CMIIC,"{""alpha"": 0.05}",10,15,500,26,/home/mathis/Documents/Travail/cbnsl_benchmark/experiments/scaling/agrum3/../../../experiments/scaling/agrum3/2026-07-21_18h00_cbn_unif_gauss/graphs/golden__v10_a15_g26.json,/home/mathis/Documents/Travail/cbnsl_benchmark/experiments/scaling/agrum3/../../../experiments/scaling/agrum3/2026-07-21_18h00_cbn_unif_gauss/graphs/CMIIC__v10_a15_g26_s500.json,,0.4771981430021697,13.0,13.0,0.0,0.7499999999999999,0.0,0.6
cbn_unif_gauss,CPC,"{""alpha"": 0.05, ""max_conditioning_set_size"": 3}",10,15,200,27,/home/mathis/Documents/Travail/cbnsl_benchmark/experiments/scaling/agrum3/../../../experiments/scaling/agrum3/2026-07-21_18h00_cbn_unif_gauss/graphs/golden__v10_a15_g27.json,/home/mathis/Documents/Travail/cbnsl_benchmark/experiments/scaling/agrum3/../../../experiments/scaling/agrum3/2026-07-21_18h00_cbn_unif_gauss/graphs/CPC__v10_a15_g27_s200.json,,0.03464414699919871,15.0,14.0,0.0,0.125,0.0,0.06666666666666667
cbn_unif_gauss,CMIIC,"{""alpha"": 0.05}",10,15,200,27,/home/mathis/Documents/Travail/cbnsl_benchmark/experiments/scaling/agrum3/../../../experiments/scaling/agrum3/2026-07-21_18h00_cbn_unif_gauss/graphs/golden__v10_a15_g27.json,/home/mathis/Documents/Travail/cbnsl_benchmark/experiments/scaling/agrum3/../../../experiments/scaling/agrum3/2026-07-21_18h00_cbn_unif_gauss/graphs/CMIIC__v10_a15_g27_s200.json,,0.16843566700117663,13.0,9.0,0.23529411764705882,0.9285714285714286,0.5,0.8666666666666667
cbn_unif_gauss,CPC,"{""alpha"": 0.05, ""max_conditioning_set_size"": 3}",10,15,500,27,/home/mathis/Documents/Travail/cbnsl_benchmark/experiments/scaling/agrum3/../../../experiments/scaling/agrum3/2026-07-21_18h00_cbn_unif_gauss/graphs/golden__v10_a15_g27.json,/home/mathis/Documents/Travail/cbnsl_benchmark/experiments/scaling/agrum3/../../../experiments/scaling/agrum3/2026-07-21_18h00_cbn_unif_gauss/graphs/CPC__v10_a15_g27_s500.json,,0.27829454700258793,15.0,14.0,0.0,0.125,0.0,0.06666666666666667
cbn_unif_gauss,CMIIC,"{""alpha"": 0.05}",10,15,500,27,/home/mathis/Documents/Travail/cbnsl_benchmark/experiments/scaling/agrum3/../../../experiments/scaling/agrum3/2026-07-21_18h00_cbn_unif_gauss/graphs/golden__v10_a15_g27.json,/home/mathis/Documents/Travail/cbnsl_benchmark/experiments/scaling/agrum3/../../../experiments/scaling/agrum3/2026-07-21_18h00_cbn_unif_gauss/graphs/CMIIC__v10_a15_g27_s500.json,,0.841134656999202,15.0,9.0,0.125,0.9285714285714286,0.3333333333333333,0.8666666666666667
cbn_unif_gauss,CPC,"{""alpha"": 0.05, ""max_conditioning_set_size"": 3}",10,15,200,28,/home/mathis/Documents/Travail/cbnsl_benchmark/experiments/scaling/agrum3/../../../experiments/scaling/agrum3/2026-07-21_18h00_cbn_unif_gauss/graphs/golden__v10_a15_g28.json,/home/mathis/Documents/Travail/cbnsl_benchmark/experiments/scaling/agrum3/../../../experiments/scaling/agrum3/2026-07-21_18h00_cbn_unif_gauss/graphs/CPC__v10_a15_g28_s200.json,,0.021686379001039313,11.0,8.0,0.0,0.6666666666666666,0.0,0.5
cbn_unif_gauss,CMIIC,"{""alpha"": 0.05}",10,15,200,28,/home/mathis/Documents/Travail/cbnsl_benchmark/experiments/scaling/agrum3/../../../experiments/scaling/agrum3/2026-07-21_18h00_cbn_unif_gauss/graphs/golden__v10_a15_g28.json,/home/mathis/Documents/Travail/cbnsl_benchmark/experiments/scaling/agrum3/../../../experiments/scaling/agrum3/2026-07-21_18h00_cbn_unif_gauss/graphs/CMIIC__v10_a15_g28_s200.json,,0.10769693900147104,9.0,9.0,0.2857142857142857,0.8571428571428571,0.4,0.75
cbn_unif_gauss,CPC,"{""alpha"": 0.05, ""max_conditioning_set_size"": 3}",10,15,500,28,/home/mathis/Documents/Travail/cbnsl_benchmark/experiments/scaling/agrum3/../../../experiments/scaling/agrum3/2026-07-21_18h00_cbn_unif_gauss/graphs/golden__v10_a15_g28.json,/home/mathis/Documents/Travail/cbnsl_benchmark/experiments/scaling/agrum3/../../../experiments/scaling/agrum3/2026-07-21_18h00_cbn_unif_gauss/graphs/CPC__v10_a15_g28_s500.json,,0.14728812700195704,11.0,9.0,0.0,0.5,0.0,0.3333333333333333
cbn_unif_gauss,CMIIC,"{""alpha"": 0.05}",10,15,500,28,/home/mathis/Documents/Travail/cbnsl_benchmark/experiments/scaling/agrum3/../../../experiments/scaling/agrum3/2026-07-21_18h00_cbn_unif_gauss/graphs/golden__v10_a15_g28.json,/home/mathis/Documents/Travail/cbnsl_benchmark/experiments/scaling/agrum3/../../../experiments/scaling/agrum3/2026-07-21_18h00_cbn_unif_gauss/graphs/CMIIC__v10_a15_g28_s500.json,,0.45143253000060213,9.0,9.0,0.28571428571428575,0.8,0.3333333333333333,0.6666666666666666
cbn_unif_gauss,CPC,"{""alpha"": 0.05, ""max_conditioning_set_size"": 3}",10,15,200,29,/home/mathis/Documents/Travail/cbnsl_benchmark/experiments/scaling/agrum3/../../../experiments/scaling/agrum3/2026-07-21_18h00_cbn_unif_gauss/graphs/golden__v10_a15_g29.json,/home/mathis/Documents/Travail/cbnsl_benchmark/experiments/scaling/agrum3/../../../experiments/scaling/agrum3/2026-07-21_18h00_cbn_unif_gauss/graphs/CPC__v10_a15_g29_s200.json,,0.04542142100035562,15.0,15.0,0.0,0.0,0.0,0.0
cbn_unif_gauss,CMIIC,"{""alpha"": 0.05}",10,15,200,29,/home/mathis/Documents/Travail/cbnsl_benchmark/experiments/scaling/agrum3/../../../experiments/scaling/agrum3/2026-07-21_18h00_cbn_unif_gauss/graphs/golden__v10_a15_g29.json,/home/mathis/Documents/Travail/cbnsl_benchmark/experiments/scaling/agrum3/../../../experiments/scaling/agrum3/2026-07-21_18h00_cbn_unif_gauss/graphs/CMIIC__v10_a15_g29_s200.json,,0.1921882309979992,14.0,10.0,0.2222222222222222,0.8148148148148148,0.3333333333333333,0.7333333333333333
cbn_unif_gauss,CPC,"{""alpha"": 0.05, ""max_conditioning_set_size"": 3}",10,15,500,29,/home/mathis/Documents/Travail/cbnsl_benchmark/experiments/scaling/agrum3/../../../experiments/scaling/agrum3/2026-07-21_18h00_cbn_unif_gauss/graphs/golden__v10_a15_g29.json,/home/mathis/Documents/Travail/cbnsl_benchmark/experiments/scaling/agrum3/../../../experiments/scaling/agrum3/2026-07-21_18h00_cbn_unif_gauss/graphs/CPC__v10_a15_g29_s500.json,,0.33210989700091886,14.0,14.0,0.0,0.33333333333333337,0.0,0.2
cbn_unif_gauss,CMIIC,"{""alpha"": 0.05}",10,15,500,29,/home/mathis/Documents/Travail/cbnsl_benchmark/experiments/scaling/agrum3/../../../experiments/scaling/agrum3/2026-07-21_18h00_cbn_unif_gauss/graphs/golden__v10_a15_g29.json,/home/mathis/Documents/Travail/cbnsl_benchmark/experiments/scaling/agrum3/../../../experiments/scaling/agrum3/2026-07-21_18h00_cbn_unif_gauss/graphs/CMIIC__v10_a15_g29_s500.json,,0.7593184870020195,10.0,14.0,0.3,0.64,0.3,0.5333333333333333
